Time,Latitude,Longitude,counts,PM1,PM25,PM10,Temperature,Humidity,Pressure,Altitude,VOC
1745451806.27,37.87534953475331,-122.25840469441687,40.0,3.0,4.0,4.0,20.88810546875,46.613069934656245,1001.9868375351119,94.19838566322333,36556.5
1745451808.24,37.87534163348562,-122.25839949330832,36.0,3.0,4.0,4.0,20.88810546875,46.613069934656245,1001.9868375351119,94.19838566322333,36556.5
1745451810.22,37.87534034963767,-122.25839990024919,36.0,3.0,4.0,4.0,20.9247265625,46.53981566900882,1001.9879288498594,94.18921704919649,40878.5
1745451812.26,37.875342090561105,-122.25840771038233,45.0,3.0,4.0,4.5,20.95626953125,46.45705118494108,1001.9844164120514,94.21872646238793,46189.0
1745451814.23,37.8753395547109,-122.25837223291734,39.5,3.0,4.0,4.5,20.97638671875,46.35213068921608,1001.9880969743153,94.18780462049564,51015.0
1745451816.25,37.87533903239833,-122.25836911520024,42.0,3.0,4.0,5.0,20.996796875,46.300899128038324,1002.0032757488893,94.0602828184096,54872.0
1745451818.21,37.875338611547846,-122.25836376229961,42.0,3.0,4.0,5.0,20.997187500000003,46.25032524622654,1002.0174816180122,93.94093633379234,58707.5
1745451820.26,37.875328764822406,-122.25844511382074,35.5,3.0,4.0,5.0,20.970625,46.17876873964698,1002.0313444408167,93.82447287145229,62241.0
1745451822.22,37.875327849582874,-122.2584525136913,43.0,3.0,4.0,5.0,20.88986328125,46.080128550560346,1002.0380740951709,93.76793666982522,65923.0
1745451824.26,37.87532566178036,-122.25846655941305,39.5,3.0,4.0,5.0,20.85060546875,46.04880648625165,1002.0374635985947,93.77306545553895,68925.0
1745451826.24,37.875316782735595,-122.25858584212911,47.0,3.0,4.0,5.0,20.84142578125,46.06260734703269,1002.0324963719866,93.81479539410473,71722.0
1745451828.27,37.87531539834321,-122.25860044338195,47.0,3.0,4.0,5.0,20.827656249999997,46.111562325141705,1002.0457529112889,93.70342686375777,74718.0
1745451830.26,37.87531117731272,-122.25864110457134,43.0,3.0,4.0,5.0,20.8079296875,46.150912317589814,1002.0478084370573,93.6861584546163,76995.5
1745451832.27,37.875287192990974,-122.25859887390318,42.0,3.0,4.0,4.0,20.801386718750003,46.16502611223756,1002.043196990296,93.72489912945082,78739.5
1745451834.26,37.875287192990974,-122.25859887390318,38.0,3.0,4.0,4.0,20.804609375,46.16837578086597,1002.0302044853622,93.8340498011492,79271.5
1745451836.27,37.87530296276733,-122.25855352640572,34.5,3.0,4.0,4.0,20.80470703125,46.150538104484724,1002.0185415806811,93.9320312740127,81763.0
1745451838.21,37.8753031873031,-122.25855335734896,34.5,3.0,4.0,4.0,20.79650390625,46.11091889102259,1002.0076639308074,94.02341658841144,84862.5
1745451840.27,37.87532055826391,-122.2585394601143,33.0,3.0,4.0,4.0,20.78986328125,46.05662291330975,1002.000347378824,94.08488492931377,86349.5
1745451842.22,37.875325434013696,-122.25853268567612,39.5,3.0,4.0,4.0,20.77228515625,45.98324804596959,1001.9858515155317,94.20666954842054,87515.0
1745451844.31,37.87533511658039,-122.25840504506964,43.0,2.0,4.0,4.0,20.68791015625,45.89624638425667,1001.9667935291504,94.36678428941735,93094.0
1745451846.22,37.87533611514053,-122.25839206824077,43.0,2.0,4.0,4.0,20.5919140625,45.86139592981917,1001.9520178135783,94.49092358829225,97188.0
1745451848.26,37.87533775049945,-122.25837062458292,38.5,2.5,4.0,4.0,20.4618359375,45.828584902627,1001.938763666983,94.60228041456492,100875.0
1745451850.23,37.8753397067187,-122.25838310822415,48.0,2.5,4.0,4.0,20.24064453125,45.838727776603235,1001.932531808756,94.654638697656,104144.0
1745451852.25,37.8753397067187,-122.25838310822415,41.5,3.0,4.0,4.0,20.0485546875,45.935341292261214,1001.9285895518765,94.6877606316604,105565.5
1745451854.21,37.875339839708126,-122.25838395689809,39.5,3.0,4.0,4.0,20.0485546875,45.935341292261214,1001.9285895518765,94.6877606316604,105565.5
1745451856.24,37.87538841019207,-122.25813354769129,39.5,3.0,4.0,4.0,19.9290234375,46.10272117347033,1001.9182024526066,94.77503113506216,107133.5
1745451858.24,37.87539502212561,-122.2580982213646,39.5,3.0,4.0,4.0,19.89474609375,46.277077697836354,1001.9007763667205,94.92144360235554,108848.0
1745451860.27,37.87539504839126,-122.25803133417564,41.5,3.0,4.0,4.0,19.830585937499997,46.385660404965606,1001.8803128800278,95.09337831866216,111417.5
1745451862.24,37.87536820353429,-122.25812545168942,35.5,3.0,4.0,4.0,19.8485546875,46.51572070460533,1001.8811899899858,95.08600877736473,112445.0
1745451864.31,37.87531694880352,-122.25794547723874,41.0,3.0,4.0,4.0,19.883808593749997,46.59128638126022,1001.8682477307451,95.19475145934936,113819.5
1745451866.2,37.875334162363565,-122.25789893708226,41.0,3.0,4.0,4.0,19.91037109375,46.633102915281974,1001.8612808369757,95.2532888000375,115265.5
1745451868.26,37.875331465677995,-122.25788012516871,44.0,3.0,4.0,4.0,19.93361328125,46.656664553246955,1001.8519112295044,95.33201471058528,116865.5
1745451870.23,37.87532561542802,-122.25786663449661,41.0,3.0,4.0,4.0,19.94767578125,46.6851250820362,1001.8476734538807,95.36762190997354,118075.5
1745451872.25,37.87533612111212,-122.25785436673401,45.0,2.5,4.0,4.0,19.9409375,46.7320394993849,1001.8292009067311,95.52283531665266,119631.5
1745451874.23,37.87533612111212,-122.25785436673401,45.0,2.5,4.0,4.0,19.913105468749997,46.80931544603121,1001.8246803656546,95.56081903729566,120859.0
1745451876.26,37.87536880725363,-122.25778945774206,38.5,2.0,4.0,4.0,19.8758984375,46.88851112668881,1001.8215738009171,95.58692189650671,123217.5
1745451878.25,37.87536880947646,-122.25778946225905,42.0,2.0,4.0,4.0,19.868671875,46.938403315582576,1001.8191312148638,95.60744575168243,123993.0
1745451880.28,37.87537105508842,-122.25779429553377,36.5,2.0,5.0,5.0,19.86359375,46.97064599357164,1001.8153618347917,95.6391181158086,125443.0
1745451882.23,37.875374743589155,-122.25780187722005,44.0,2.0,5.0,5.0,19.84865234375,46.968900553066646,1001.8054068207558,95.7227658968441,126385.0
1745451884.24,37.875374743589155,-122.25780187722005,44.0,2.5,5.0,5.0,19.82599609375,46.969239688215524,1001.7930023433779,95.82699645946519,127387.0
1745451886.23,37.875374743589155,-122.25780187722005,46.0,2.5,5.0,5.0,19.802363281250003,46.9575250736538,1001.7890241848985,95.86042374939392,128449.5
1745451888.27,37.87539785356297,-122.25770601864595,46.0,3.0,5.0,5.0,19.7809765625,46.95204385352176,1001.7796688145993,95.93903482939443,129676.5
1745451890.22,37.87539964384904,-122.25769514740425,33.0,3.0,5.0,5.0,19.76701171875,46.95339892117215,1001.7646588098601,96.06516128153217,130583.0
1745451892.25,37.87540190804688,-122.25768546844903,33.0,3.0,5.0,5.0,19.7415234375,46.956395399933214,1001.7540724364079,96.15411798320602,131457.0
1745451894.24,37.875415070609,-122.2575722915057,41.5,3.0,5.0,5.0,19.700703124999997,46.98148158328654,1001.7311576705686,96.34667160966737,132739.0
1745451896.23,37.875416258094255,-122.25756593383085,42.5,3.0,5.0,5.0,19.700703124999997,46.98148158328654,1001.7311576705686,96.34667160966737,132739.0
1745451898.24,37.87541753407369,-122.25755910529641,42.5,3.0,5.0,5.0,19.674921875,47.044151940525,1001.7082444478114,96.53921607387113,130826.5
1745451900.26,37.87541753407369,-122.25755910529641,53.5,3.0,5.0,5.0,19.64943359375,47.15168806182745,1001.6849983971895,96.73456054725257,131262.5
1745451902.25,37.87547146835004,-122.25739846746976,34.5,3.0,5.0,5.0,19.66193359375,47.20693719406683,1001.6493736200673,97.03393526407099,134303.0
1745451904.28,37.875472832724256,-122.25739384494369,43.0,3.0,6.0,6.0,19.663105468749997,47.23696489196341,1001.6269456268615,97.22241454164384,134608.5
1745451906.25,37.8754754702538,-122.25738524729537,42.5,3.0,6.0,6.0,19.65587890625,47.31684727785549,1001.605095007955,97.40604493398376,135640.0
1745451908.22,37.87550899689048,-122.25712739556008,42.5,3.0,6.0,6.0,19.63302734375,47.51165691640483,1001.5771569653247,97.64083808317648,136061.5
1745451910.3,37.87551042530246,-122.25711645467423,43.0,3.0,5.5,5.5,19.56369140625,47.70118481664353,1001.5425938423884,97.93131667511373,137170.0
1745451912.25,37.87551339598895,-122.25709994272634,40.0,3.0,5.5,5.5,19.47287109375,47.89735476813402,1001.5161899400684,98.153227645205,138238.0
1745451914.26,37.87551339598895,-122.25709994272634,27.5,3.0,5.0,5.0,19.386835937500003,48.1062917228865,1001.4803720706574,98.45426610357211,138454.0
1745451916.26,37.875472579677165,-122.25705058128203,41.5,3.0,5.0,5.0,19.2782421875,48.33080425619345,1001.4508148222454,98.7026924072803,139937.0
1745451918.25,37.87547184213123,-122.25704933586758,41.5,3.0,6.0,6.0,19.15841796875,48.611424858162735,1001.4294951007471,98.88188649487375,140715.5
1745451920.24,37.87547091294218,-122.2570421393333,39.0,3.0,6.0,6.0,19.06876953125,48.893007031988574,1001.410057872824,99.04526103883667,140936.5
1745451922.27,37.87548000077262,-122.25701393989215,39.0,3.5,5.5,5.5,18.95529296875,49.09060550317204,1001.3836767328469,99.2670050678688,143046.0
1745451924.23,37.875480002703334,-122.2570139336918,41.0,3.5,5.5,5.5,18.82443359375,49.23796695681544,1001.3581679234028,99.48142056759701,143277.0
1745451926.27,37.875481154208096,-122.25700994182617,41.0,4.0,5.0,5.0,18.6903515625,49.36992621070537,1001.3480465794628,99.56649743148805,144863.0
1745451928.25,37.87548230077768,-122.25700623005397,34.0,4.0,5.0,5.0,18.56984375,49.49754078965743,1001.3353721976605,99.67303530705524,145220.0
1745451930.23,37.875401290624346,-122.25699270086496,35.0,4.0,6.0,6.0,18.56984375,49.49754078965743,1001.3353721976605,99.67303530705524,145220.0
1745451932.23,37.87539943956404,-122.25699193600359,28.5,4.0,6.0,6.0,18.42755859375,49.646816561022106,1001.304930439617,99.92892636983473,145577.5
1745451934.28,37.87539765752216,-122.25698975327904,32.0,4.0,5.5,5.5,18.301777343749997,49.822408111451054,1001.278741906214,100.14906954099983,146420.0
1745451936.23,37.87539765752216,-122.25698975327904,32.0,4.0,5.5,5.5,18.1989453125,50.00089974928996,1001.2562571941423,100.33808193493378,147274.5
1745451938.27,37.87539765752216,-122.25698975327904,31.0,4.0,5.0,5.0,18.007832031249997,50.18100925670168,1001.2482936566332,100.40502642462394,148635.5
1745451940.23,37.87536618125006,-122.25697507498359,25.0,4.0,5.0,5.0,17.8356640625,50.393919451790964,1001.2285937480624,100.57063310934464,148950.5
1745451942.27,37.87536386550345,-122.25697423729335,33.5,4.0,5.0,6.0,17.65216796875,50.62693626347632,1001.2117455088339,100.71226933244677,149704.5
1745451944.24,37.875361495432685,-122.25697315120908,39.5,4.0,5.0,6.0,17.5415234375,50.91775389249611,1001.1762349478272,101.01079847244112,150022.0
1745451946.29,37.87536193773225,-122.25686085847187,39.5,4.0,5.0,6.0,17.51388671875,51.182515852232726,1001.1381745678008,101.33077268649299,150468.0
1745451948.23,37.87536193773225,-122.25686085847187,33.0,4.0,5.0,6.0,17.52169921875,51.39397812748518,1001.114789359347,101.52737731071366,150853.0
1745451950.28,37.87535943013924,-122.25685466784547,25.0,4.0,5.0,6.0,17.50587890625,51.55696234988147,1001.0973166082873,101.67427709744894,151111.0
1745451952.26,37.87527765572433,-122.25694010353541,39.5,4.0,5.0,6.0,17.497578125,51.71795609032114,1001.0702426935728,101.9019016029194,151304.5
1745451954.26,37.87527274833946,-122.25694046826965,39.5,3.0,5.0,6.0,17.4645703125,51.87298104477895,1001.0522528213612,102.05315446302288,151369.5
1745451956.24,37.875236052794406,-122.25682988618898,38.0,3.0,5.0,6.0,17.476191406250003,52.045895375307566,1001.0388684188217,102.16568743934018,152217.0
1745451958.27,37.87523601117459,-122.25682974213642,33.0,3.0,5.0,5.5,17.4925,52.18276193533882,1001.0168334173004,102.35095565819222,152479.5
1745451960.25,37.875233697906204,-122.25681715820583,32.0,3.0,5.0,5.5,17.464472656250003,52.25288661006508,1000.9957515278895,102.52821291350955,153006.5
1745451962.27,37.87523028951816,-122.25680494246477,40.5,3.0,5.0,5.0,17.4594921875,52.338169775230114,1000.9853936424383,102.6153037109722,153670.5
1745451964.23,37.875254938534944,-122.2568095812594,40.5,3.0,5.0,5.0,17.46349609375,52.396976454492346,1000.9679870500008,102.76166248610787,154410.0
1745451966.27,37.875254938534944,-122.2568095812594,42.5,3.0,5.0,5.0,17.43185546875,52.43602405631498,1000.9498580445265,102.9140978004533,155359.0
1745451968.23,37.875183542650454,-122.2565633718631,42.0,3.0,5.0,5.0,17.415546874999997,52.48619626592408,1000.9256504086702,103.11764805706798,155427.0
1745451970.28,37.87518125336618,-122.25651296003366,36.5,3.0,4.5,5.0,17.406269531249997,52.56797647411353,1000.90612566447,103.28182493380646,155837.5
1745451972.24,37.875180952982255,-122.25650634539933,36.5,3.0,4.5,5.0,17.41291015625,52.691735870070524,1000.8798632981336,103.50266031671153,155841.5
1745451974.29,37.875191664575155,-122.25649281692374,43.0,3.0,4.0,5.0,17.4091015625,52.80504404797038,1000.8807944171501,103.49483057759768,155564.0
1745451976.19,37.875191664575155,-122.25649281692374,36.5,3.0,4.0,5.0,17.4091015625,52.80504404797038,1000.8807944171501,103.49483057759768,155564.0
1745451978.25,37.875191664575155,-122.25649281692374,36.0,3.0,5.0,6.0,17.3676953125,52.879868593318555,1000.8775952850434,103.52173173776967,156112.0
1745451980.22,37.875191664575155,-122.25649281692374,34.0,3.0,5.0,6.0,17.34650390625,52.96032507006035,1000.8936360063888,103.3868476369295,155563.0
1745451982.23,37.875191664575155,-122.25649281692374,34.0,3.0,4.5,5.5,17.316523437500003,53.011997477142856,1000.9128530330125,103.22525669184634,156943.5
1745451984.23,37.875191664575155,-122.25649281692374,33.0,3.0,4.5,5.5,17.2540234375,53.02881560015656,1000.9300352972847,103.08077726022356,158349.5
1745451986.25,37.875191664575155,-122.25649281692374,35.5,3.0,4.0,5.0,17.16037109375,53.06638062907706,1000.9298915283474,103.08198628584174,159357.0
1745451988.24,37.875191664575155,-122.25649281692374,27.0,3.0,4.0,5.0,17.06369140625,53.140542208776246,1000.9361957264694,103.02897704333182,159492.5
1745451990.25,37.875191664575155,-122.25649281692374,35.5,3.0,4.0,5.0,16.94005859375,53.2236859923091,1000.9358057124682,103.03225650768957,160507.0
1745451992.22,37.875191664575155,-122.25649281692374,35.5,3.0,4.0,5.0,16.8403515625,53.37769041908595,1000.935898589634,103.03147551829097,160431.5
1745451994.28,37.875191664575155,-122.25649281692374,34.0,3.0,4.0,5.0,16.729609375,53.53041302854332,1000.9217474160469,103.15046670385695,160941.5
1745451996.22,37.87490312208252,-122.25642320247448,35.5,3.0,4.0,5.0,16.6675,53.70170219684346,1000.925161176568,103.12176170643005,161235.0
1745451998.25,37.87493257482911,-122.2564181717776,35.0,3.0,4.0,5.0,16.66447265625,53.899107308757124,1000.9274407820408,103.10259343728481,160649.0
1745452000.24,37.87492266795889,-122.2563678214074,32.0,3.0,4.0,5.0,16.6940625,54.10703784394999,1000.9361997334859,103.02894334870001,160213.0
1745452002.25,37.874920314845866,-122.25638294803169,32.0,3.0,4.0,5.0,16.72580078125,54.29069228601655,1000.9394635533913,103.0014994900387,159923.5
1745452004.25,37.874920314845866,-122.25638294803169,37.0,3.0,4.0,5.0,16.74142578125,54.4538817567846,1000.9490660872164,102.92075698378619,160505.5
1745452006.27,37.87488606924732,-122.25636601045628,32.0,3.0,4.0,5.5,16.72208984375,54.55690907353278,1000.9523094625906,102.89348525094442,161605.0
1745452008.22,37.874884022582755,-122.25636516177386,29.0,3.0,4.0,5.5,16.6989453125,54.612936432232615,1000.9573072205758,102.85146217392972,161974.0
1745452010.24,37.87488175447464,-122.25636511289545,29.0,3.0,4.0,6.0,16.5969921875,54.618604460968584,1000.9609287364448,102.82101116886275,162644.0
1745452012.23,37.87488175447464,-122.25636511289545,31.0,3.0,4.0,6.0,16.43966796875,54.663816858758025,1000.9846332930456,102.62169687185383,163849.5
1745452014.26,37.87488175447464,-122.25636511289545,36.5,3.0,4.0,6.0,16.290058593749997,54.77834355061034,1000.982232305503,102.64188471761787,164153.5
1745452016.22,37.87490485627474,-122.25636374715609,34.0,3.0,4.0,6.0,16.1315625,54.9353058934582,1000.9810143899833,102.65212558285197,165226.5
1745452018.25,37.874905251903726,-122.25636329222793,36.0,3.0,4.0,6.0,15.98380859375,55.12484433471559,1000.9891991020968,102.58330663094968,165924.0
1745452020.21,37.8749074294998,-122.25636312121728,36.0,3.0,4.0,6.0,15.881171875,55.36076147692739,1001.0063985716245,102.43869188640785,165458.5
1745452022.23,37.8749209225869,-122.25633184855074,42.0,3.0,4.0,6.0,15.881171875,55.36076147692739,1001.0063985716245,102.43869188640785,165458.5
1745452024.27,37.87492169256911,-122.25633042608231,35.0,3.0,4.0,6.0,15.81896484375,55.61456306391638,1001.0328775611179,102.2160576975645,165846.5
1745452026.24,37.87492231856232,-122.2563300839288,34.5,3.0,4.0,6.0,15.79201171875,55.8388627840214,1001.0529323291063,102.04744128013247,165458.0
1745452028.28,37.8748939172297,-122.2562542069935,39.5,3.0,4.0,6.0,15.8133984375,56.057125318341626,1001.0650945837733,101.94518503475226,165226.5
1745452030.2,37.87489197568389,-122.2562505855917,39.5,3.0,4.0,6.0,15.847382812500001,56.21156869217339,1001.0799498944468,101.82028743707258,165535.5
1745452032.26,37.874891849153876,-122.25624951089134,33.0,3.0,4.0,6.0,15.802460937500001,56.30902838775802,1001.0879368961791,101.75313661766658,166785.5
1745452034.22,37.874639114913414,-122.25612573621805,35.5,3.0,4.0,6.0,15.77140625,56.4302403112677,1001.1075378867756,101.5883428303352,166706.5
1745452036.25,37.874631140786754,-122.25612032063005,39.5,3.0,4.0,6.0,15.76359375,56.54199482073571,1001.1123516549767,101.54787181851103,167258.0
1745452038.22,37.874623630620924,-122.25611531661418,39.5,3.0,4.0,6.0,15.80880859375,56.66067514133438,1001.1157861222312,101.51899718971072,166002.5
1745452040.26,37.87464249572978,-122.25598270714485,30.5,2.0,4.0,6.0,15.86466796875,56.75259134983106,1001.1310780639467,101.39043407235158,165846.5
1745452042.24,37.87464637112376,-122.25594990977058,31.5,2.0,4.0,6.0,15.9145703125,56.83123669782305,1001.13848046886,101.32820076591578,166392.5
1745452044.26,37.87464902259532,-122.25593071689701,27.5,2.5,4.0,6.0,15.952265624999999,56.83613481323245,1001.1514145484207,101.219462662198,167021.0
1745452046.23,37.87456188159392,-122.25597437836102,36.0,2.5,4.0,6.0,15.98439453125,56.818341579021975,1001.1579865147968,101.16421194167475,166470.5
1745452048.26,37.87455696946468,-122.25596762758609,36.0,3.0,4.0,6.0,16.013203125,56.80325653820043,1001.1755383890852,101.01665423998152,165692.5
1745452050.23,37.874554985489176,-122.25596447215136,27.5,3.0,4.0,6.0,15.9977734375,56.84832998612077,1001.1855243699101,100.93270372500422,167338.0
1745452052.28,37.87451148086669,-122.25609206232811,33.0,3.0,4.0,6.0,15.93791015625,56.881354431990395,1001.2169512826487,100.66850621580342,168613.5
1745452054.22,37.87450737498092,-122.25609375591678,28.0,3.0,4.0,6.0,15.89357421875,56.93210226908707,1001.2159068816255,100.67728607530827,168935.0
1745452056.24,37.87450390308691,-122.25609466738386,28.0,14.5,45.0,63.5,15.855390625,56.98052255049858,1001.2130112518169,100.70162855879433,169827.5
1745452058.23,37.87450390308691,-122.25609466738386,38.5,14.5,45.0,63.5,15.856953125,57.03726804963632,1001.2266406192043,100.58705216742278,169096.5
1745452060.27,37.87450390308691,-122.25609466738386,24.0,69.5,325.5,430.0,15.8762890625,57.096346313066604,1001.2494826520784,100.39503124798168,169501.5
1745452062.23,37.874464777159766,-122.25588765391805,31.0,69.5,325.5,430.0,15.89787109375,57.133733714135175,1001.2720506605408,100.20531757605866,169177.5
1745452064.25,37.87446360525815,-122.25588534338199,34.0,130.5,577.0,739.0,15.94513671875,57.19649440698399,1001.2849209502517,100.0971274094602,167260.5
1745452066.21,37.874461069926596,-122.2558721710758,34.0,130.5,577.0,739.0,15.996796875000001,57.37944898727321,1001.294547533006,100.0162055255553,165459.5
1745452068.26,37.8743310618531,-122.25560487847508,38.0,181.0,695.0,870.5,16.04376953125,57.64706467073941,1001.3018563703049,99.95476670036791,163397.5
1745452070.19,37.87432481377473,-122.2555838573755,42.0,181.0,695.0,870.5,16.04376953125,57.64706467073941,1001.3018563703049,99.95476670036791,163397.5
1745452072.26,37.87431655666177,-122.25555792972506,31.5,205.0,744.5,925.5,16.08517578125,57.85122054728539,1001.2960880637295,100.00325539159047,162794.5
1745452074.22,37.874320921299066,-122.25552811297585,31.5,205.0,744.5,925.5,16.12189453125,58.017087713461066,1001.280454530222,100.13467278424662,162943.0
1745452076.28,37.87431852981588,-122.25551623586523,41.0,200.5,718.0,883.0,16.157343750000003,58.13236591542788,1001.2835746717906,100.10844441643616,164153.0
1745452078.24,37.87431412252156,-122.25550036594895,33.0,200.5,718.0,883.0,16.19005859375,58.158827961354504,1001.3037351720764,99.93897355746881,164535.0
1745452080.25,37.87429035493625,-122.25546175401908,43.0,147.5,439.5,516.0,16.22697265625,58.18269231119662,1001.3253455517927,99.7573176857409,165226.5
1745452082.22,37.874287540265215,-122.2554551608695,33.5,147.5,439.5,516.0,16.2520703125,58.081710700331946,1001.3439593553433,99.60085365615885,166080.5
1745452084.24,37.874284080922415,-122.25544451758986,33.5,134.0,361.5,405.0,16.279414062500003,57.958965660095146,1001.3648120273266,99.42557306861056,166629.5
1745452086.23,37.874293619692644,-122.25538169327365,42.0,134.0,361.5,405.0,16.32150390625,57.866649915125805,1001.392087507958,99.19630836305927,166314.0
1745452088.29,37.874294149051295,-122.25537889710209,35.0,103.0,234.0,258.0,16.36583984375,57.80307176024097,1001.4039730611778,99.09640569648354,166706.0
1745452090.22,37.87429482519658,-122.25537448529026,30.5,103.0,234.0,258.0,16.389179687499997,57.71465542559386,1001.4060823494103,99.078676464645,168373.0
1745452092.25,37.87413739738562,-122.25542678427057,33.5,86.5,188.5,206.5,16.407832031250003,57.60989146033637,1001.4268719387143,98.9039348569857,168052.0
1745452094.21,37.87412842534356,-122.25542774620168,33.5,86.5,188.5,206.5,16.43341796875,57.515547654656416,1001.4547209847567,98.66986104171954,169420.5
1745452096.28,37.87411940847468,-122.25542640803242,35.0,70.0,144.0,156.0,16.4649609375,57.38108906619084,1001.4828886741718,98.43311487711219,170401.5
1745452098.23,37.8739815551719,-122.25553522338728,30.5,70.0,144.0,156.0,16.4925,57.239895887253425,1001.5107854828912,98.19864972504422,172310.5
1745452100.25,37.873973806752936,-122.25553784560078,34.5,44.0,87.0,94.0,16.52560546875,57.08065967857153,1001.5374786454473,97.97430643432241,172813.5
1745452102.24,37.873963588354975,-122.25554205870033,41.0,44.0,87.0,94.0,16.53546875,56.89023175635853,1001.555525609721,97.82263313178379,172901.0
1745452104.24,37.87380559271164,-122.25566438288918,41.0,35.5,70.0,74.5,16.554218749999997,56.75136570849102,1001.5764827412868,97.64650426477345,173237.5
1745452106.25,37.87379886647031,-122.2556684723356,36.5,35.5,70.0,74.5,16.57970703125,56.626028902715774,1001.5957615585685,97.4844836881797,173495.0
1745452108.25,37.87379143776007,-122.25567276746997,26.0,27.0,53.0,55.0,16.598652343749997,56.50304867414167,1001.6397288258162,97.11498745030568,173835.0
1745452110.23,37.873765220750975,-122.25572371716089,32.5,27.0,53.0,55.0,16.6286328125,56.3627807610889,1001.6710419628887,96.85184324589142,174520.5
1745452112.24,37.873756966121846,-122.25573387475978,32.5,15.0,28.0,29.0,16.6565625,56.23486840783737,1001.7155708663934,96.47765070110847,174701.0
1745452114.24,37.87375613542131,-122.25573602557252,37.0,15.0,28.0,29.0,16.67775390625,56.109288547113174,1001.76933779821,96.02584469973893,174261.5
1745452116.27,37.87375481504945,-122.25573778897679,33.0,11.5,22.0,22.5,16.69630859375,56.00846367395158,1001.8092684949083,95.69031809763177,175384.5
1745452118.19,37.87375814006134,-122.25574641137035,40.0,11.5,22.0,22.5,16.69630859375,56.00846367395158,1001.8092684949083,95.69031809763177,175384.5
1745452120.25,37.87375814006134,-122.25574641137035,35.5,8.0,16.0,16.0,16.71974609375,55.92082498048927,1001.8442825563136,95.39611341546706,174865.0
1745452122.2,37.873693174196355,-122.2558936429769,35.5,8.0,16.0,16.0,16.73810546875,55.86068990059998,1001.8788350108205,95.1057959725254,175558.0
1745452124.25,37.87371160850686,-122.25589626009605,39.0,6.0,9.5,9.5,16.756464843750003,55.82556721554668,1001.9159075537307,94.7943128284046,175384.0
1745452126.23,37.87369895181021,-122.25592088622773,35.0,6.0,9.5,9.5,16.776874999999997,55.77197182030679,1001.9515197670669,94.495108042915,176346.0
1745452128.25,37.873697800662065,-122.25592599660354,39.5,5.0,8.0,8.0,16.79875,55.73419505443954,1001.9854888958422,94.20971633153735,176522.5
1745452130.21,37.873697800662065,-122.25592599660354,39.5,5.0,8.0,8.0,16.8149609375,55.71130550886773,1002.0263739641982,93.86623047558086,176173.0
1745452132.27,37.873697800662065,-122.25592599660354,41.0,4.0,6.0,6.0,16.830390625,55.7945143077424,1002.0684166709317,93.51303094942894,175298.0
1745452134.22,37.873697800662065,-122.25592599660354,32.5,4.0,6.0,6.0,16.8036328125,55.8441691340209,1002.0889198771335,93.34078843245035,176435.0
1745452136.26,37.87368222245204,-122.25597187646484,36.5,3.0,5.0,5.0,16.733906249999997,55.828898720535115,1002.1150586395262,93.12120745392716,176698.0
1745452138.23,37.87368359820706,-122.25596798554827,42.5,3.0,5.0,5.0,16.72296875,55.90873881647592,1002.1463609621326,92.85825521092723,176436.0
1745452140.3,37.87368494764594,-122.25596412502244,42.5,2.5,4.0,4.0,16.7471875,55.94938839199612,1002.1735115860033,92.6301841548017,176965.5
1745452142.23,37.87368494764594,-122.25596412502244,38.5,2.5,4.0,4.0,16.78048828125,55.93494345311697,1002.2123129768054,92.30425374125869,177501.5
1745452144.23,37.87368494764594,-122.25596412502244,35.5,2.5,4.0,4.0,16.8005078125,55.89377136227721,1002.2531319743009,91.96138534648645,177140.5
1745452146.25,37.873683616253324,-122.25603884616721,31.5,2.0,3.0,3.0,16.8180859375,55.82729118709198,1002.2720518390239,91.8024677933205,178034.5
1745452148.24,37.87368360366895,-122.25603955243447,48.5,2.0,3.0,3.0,16.844843750000003,55.77763911469461,1002.2943929375773,91.61481663995086,177674.5
1745452150.27,37.873683796011555,-122.25604677150434,48.5,2.0,3.0,3.0,16.86408203125,55.72390135707015,1002.3212494866859,91.38924338774885,179295.5
1745452152.22,37.87368374951813,-122.25605005124045,40.0,2.0,3.0,3.0,16.892695312500003,55.690126121381354,1002.3669884258006,91.00508384022811,178845.5
1745452154.27,37.87365066866961,-122.25610833282735,37.0,2.0,3.0,3.0,16.927265625,55.65088012849427,1002.4012826364426,90.71705769243088,178932.5
1745452156.22,37.87364811851574,-122.256112784788,37.5,2.0,3.0,3.0,16.95919921875,55.583208058390625,1002.4402149521449,90.39008723418229,179751.0
1745452158.25,37.873645082495365,-122.25611813050017,37.5,2.0,3.0,3.0,16.99015625,55.531031483196095,1002.4824834034613,90.03510994760283,178753.0
1745452160.22,37.87361424726455,-122.25629342837186,34.0,2.0,3.0,3.0,17.019062499999997,55.484843103439836,1002.5371367809298,89.57614057282393,180302.5
1745452162.25,37.87361032140619,-122.25630812067769,41.5,2.0,3.0,3.0,17.04181640625,55.41291900801187,1002.5776919001873,89.23557808222137,179477.5
1745452164.25,37.873605320798134,-122.25632470625128,43.0,2.0,3.0,3.0,17.05568359375,55.333638405971016,1002.6153405545583,88.91943297391694,180025.5
1745452166.22,37.873605320798134,-122.25632470625128,36.0,2.0,3.0,3.0,17.05568359375,55.333638405971016,1002.6153405545583,88.91943297391694,180025.5
1745452168.23,37.873605320798134,-122.25632470625128,36.0,2.0,3.0,3.0,17.066914062499997,55.27586436778468,1002.635783284346,88.74777430000228,179843.0
1745452170.25,37.873600148335576,-122.25663780969484,40.5,2.0,3.0,3.0,17.07267578125,55.239212422801785,1002.655083543376,88.5857116113446,179751.5
1745452172.23,37.87359992804392,-122.25664195288105,34.0,2.0,3.0,3.0,17.088984375,55.216386350154515,1002.6642229507262,88.50896973335725,179665.5
1745452174.25,37.87359961395309,-122.25666020686513,38.0,2.0,4.0,4.0,17.10939453125,55.19720604579162,1002.6788401705543,88.38623284812232,179934.0
1745452176.23,37.873683444119116,-122.25674892058969,37.0,2.0,4.0,4.0,17.12375,55.14921474190731,1002.6845689577669,88.33813004645646,181039.5
1745452178.25,37.87368660767288,-122.25675159741184,37.0,2.5,4.0,4.0,17.14162109375,55.13905601038418,1002.6888699668124,88.30201618894765,180027.0
1745452180.22,37.87369146868263,-122.25675670754377,43.5,2.5,4.0,4.0,17.1602734375,55.104085576403335,1002.7020971332558,88.19095319149164,180578.0
1745452182.25,37.873955485620336,-122.25666882022229,33.5,3.0,4.0,4.0,17.17775390625,55.05651770066238,1002.7082354902686,88.1394124284596,180301.5
1745452184.22,37.87397039348667,-122.25667145311846,39.5,3.0,4.0,4.0,17.1958203125,54.99969916080154,1002.7128741928566,88.10046374520417,181317.0
1745452186.26,37.87399169652884,-122.25667466650572,39.5,3.0,4.0,4.0,17.209003906249997,54.93915489854338,1002.7173942089399,88.06251165480526,180672.0
1745452188.25,37.87381291725829,-122.25682547667853,41.5,3.0,4.0,4.0,17.22208984375,54.931501169137604,1002.7150192063907,88.0824532235783,181410.0
1745452190.26,37.873824038278634,-122.25683145188813,31.0,3.0,4.0,4.0,17.233125,55.00449251264956,1002.7124261586822,88.1042255966708,180580.5
1745452192.22,37.873834859305646,-122.25683957707487,38.0,3.0,4.0,4.0,17.25021484375,55.140580411077835,1002.705270087476,88.16431146136854,179295.5
1745452194.26,37.873910532320394,-122.25685286657746,39.0,3.0,4.0,4.0,17.26984375,55.30827225543351,1002.7008625914625,88.20131905904069,178932.5
1745452196.2,37.87391748285321,-122.25685484350736,39.0,3.0,4.0,4.0,17.28634765625,55.506932510262416,1002.6935210417046,88.26296291130711,178212.0
1745452198.26,37.87392786227124,-122.25686108984381,35.5,2.0,4.0,4.0,17.30802734375,55.72834004041479,1002.6842826787954,88.34053383932059,177585.5
1745452200.23,37.874063478876536,-122.2568208265239,45.5,2.0,4.0,4.0,17.3094921875,55.806658713376386,1002.694404059873,88.25554860403918,179477.5
1745452202.25,37.874073328674065,-122.2568225274072,43.5,2.5,4.0,4.0,17.269648437500003,55.76397180558307,1002.7055650846055,88.16183452978865,180761.5
1745452204.24,37.874082066292324,-122.25682554739778,37.5,2.5,4.0,4.0,17.27521484375,55.73032076066298,1002.7287290244226,87.96734019850015,180485.5
1745452206.24,37.87399863092978,-122.2568881458041,37.5,3.0,4.0,4.0,17.28400390625,55.718963876499444,1002.7449090661382,87.83148797853298,180393.0
1745452208.26,37.873994116101166,-122.25689180836545,41.5,3.0,4.0,4.0,17.30685546875,55.73443030392947,1002.7620955239812,87.68718726608938,180393.0
1745452210.24,37.873986340802084,-122.25689766192791,43.5,3.0,5.0,5.0,17.30685546875,55.73443030392947,1002.7620955239812,87.68718726608938,180393.0
1745452212.22,37.87393322944479,-122.25694236719839,38.0,3.0,5.0,5.0,17.3294140625,55.68424724866399,1002.7838135573713,87.50484165069022,181039.0
1745452214.34,37.873930819919124,-122.25694458106753,41.5,3.0,5.0,5.0,17.3425,55.561021630687236,1002.7990863976995,87.37661207534582,184461.5
1745452216.2,37.87392622458639,-122.25694846281989,41.5,3.0,5.0,5.0,17.358027343750003,55.46315010954282,1002.8245048403213,87.16320438622847,187497.0
1745452218.27,37.873916134334934,-122.25696297898476,38.5,3.0,5.0,5.0,17.37384765625,55.38719990987184,1002.8462313050501,86.98079726077631,189283.5
1745452220.22,37.873915893990926,-122.25696380220823,40.5,3.0,5.0,5.0,17.38224609375,55.32279294087939,1002.8676149126584,86.80127151848339,188156.0
1745452222.27,37.87388182017785,-122.25702401201559,52.0,4.0,6.0,6.0,17.3817578125,55.30090119572435,1002.878532696707,86.70961255597157,184142.5
1745452224.2,37.873906530848146,-122.25702605997641,52.0,4.0,6.0,6.0,17.389765625,55.361188734164614,1002.8798983144796,86.69814784769551,179935.0
1745452226.25,37.8739075824351,-122.25702688492693,56.5,4.0,5.5,5.5,17.405,55.484841376263816,1002.904806094959,86.4890410162841,180026.0
1745452228.23,37.87391040356583,-122.2570272436092,46.5,4.0,5.5,5.5,17.422480468750003,55.646355747649835,1002.925226662794,86.31760863744839,179207.5
1745452230.25,37.873873049841066,-122.25704652703564,51.0,4.0,5.0,5.0,17.44015625,55.90499483070057,1002.9476694969783,86.12920245853917,177674.5
1745452232.24,37.87387101280586,-122.25704780340446,47.5,4.0,5.0,5.0,17.457148437500003,56.22342296681003,1002.9697599276354,85.94375795732682,177951.5
1745452234.24,37.873867088962264,-122.25704984868752,47.5,4.0,5.0,6.0,17.4344921875,56.3771719527974,1002.9739373397467,85.90868975646819,180301.0
1745452236.22,37.873867088962264,-122.25704984868752,55.0,4.0,5.0,6.0,17.4071484375,56.301478307313246,1002.9556377650047,86.06231022533116,184521.0
1745452238.25,37.873867088962264,-122.25704984868752,47.0,4.0,5.0,5.5,17.36017578125,56.129280565844056,1002.9257738352841,86.31301523864266,188210.0
1745452240.24,37.87384575672283,-122.2570907812975,61.0,4.0,5.0,5.5,17.31740234375,55.98283497493474,1002.9057564828711,86.48106249132505,190370.5
1745452242.3,37.87384558556147,-122.25709111506694,61.0,4.0,5.0,5.0,17.31359375,55.86347097019788,1002.8864992308107,86.64273110383996,189282.5
1745452244.23,37.87384442922062,-122.25709441571513,62.0,4.0,5.0,5.0,17.31828125,55.832812303720516,1002.8837529492461,86.66578689964064,188411.5
1745452246.27,37.87383690002677,-122.25710022681415,55.5,3.0,5.0,6.0,17.330390625,55.95950218678905,1002.8830327313389,86.67183338382202,180670.0
1745452248.23,37.873856073334444,-122.25716392521268,69.0,3.0,5.0,6.0,17.345625,56.133641716943906,1002.8936509135483,86.58269089268973,184213.0
1745452250.23,37.87385722786258,-122.25716602533284,55.0,3.0,5.0,6.0,17.36359375,56.14225092528659,1002.8947495263554,86.57346778143173,188669.5
1745452252.26,37.87390188309861,-122.25738110634344,55.0,3.0,5.5,7.0,17.37541015625,56.021695034515126,1002.9019227496358,86.51324715201189,190474.5
1745452254.22,37.87390188309861,-122.25738110634344,49.0,3.0,5.5,7.0,17.38537109375,55.83217086631605,1002.9041756268515,86.49433389415834,191260.5
1745452256.24,37.873895879831174,-122.25736435809208,65.0,3.0,6.0,8.0,17.38537109375,55.83217086631605,1002.9041756268515,86.49433389415834,191260.5
1745452258.24,37.8738949119636,-122.25737183074622,56.0,3.0,6.0,8.0,17.37599609375,55.6309456867145,1002.902104755032,86.51171919163735,191845.5
1745452260.28,37.87389456850601,-122.25737221587315,54.5,4.0,6.0,8.0,17.37345703125,55.440193925284845,1002.9186906406446,86.37247884221716,192851.5
1745452262.2,37.873894432187,-122.25737310083936,54.5,4.0,6.0,8.0,17.35451171875,55.22880738086958,1002.915887609874,86.39601051144069,194360.0
1745452264.25,37.87385307215587,-122.25730073408786,50.0,4.0,6.5,8.5,17.3426953125,55.03415706063457,1002.8952626740152,86.5691599175752,193549.0
1745452266.23,37.87385287939372,-122.2573005259053,40.0,4.0,6.5,8.5,17.3239453125,54.87925412054927,1002.8785078695915,86.70982098954406,193605.5
1745452268.28,37.8738489363968,-122.25729590469241,38.5,4.0,7.0,9.0,17.30509765625,54.78664681917667,1002.8994096784301,86.53434509497335,194197.0
1745452270.21,37.87384490428647,-122.25728060518016,38.5,4.0,7.0,9.0,17.288691406250003,54.72548009106911,1002.9161641432905,86.3936890418079,193388.0
1745452272.25,37.87383056457987,-122.25729543361592,45.0,4.0,7.0,9.0,17.24728515625,54.68288685854694,1002.950636008884,86.1042992965964,193930.0
1745452274.23,37.87383087579515,-122.25729678155236,43.0,4.0,7.0,9.0,17.19630859375,54.62976742825033,1003.0104111794337,85.60250962629036,194577.5
1745452276.27,37.873838508314535,-122.2572776101014,40.5,4.0,7.5,9.0,17.1477734375,54.60493070119183,1003.0861942546992,84.96637220589707,194633.0
1745452278.23,37.873842797978035,-122.25733247482296,47.5,4.0,7.5,9.0,17.0341015625,54.55937578783768,1003.1557639405798,84.38242549681058,195397.5
1745452280.24,37.873841437023174,-122.25733280272497,47.5,4.0,8.0,9.0,16.943671875,54.603731712400716,1003.2087226091587,83.93792817943731,196114.0
1745452282.23,37.873841069425076,-122.25733484706669,48.5,4.0,8.0,9.0,16.9208203125,54.68155953964178,1003.2419005673378,83.65946664789496,196060.0
1745452284.28,37.87390487510229,-122.2574102897554,41.0,4.0,8.0,9.0,16.921796875,54.73760109127555,1003.2746909420591,83.38426456155148,196169.5
1745452286.23,37.87390704772396,-122.25741138254836,48.0,4.0,8.0,9.0,16.93400390625,54.75469499665835,1003.2943335407679,83.21941228792103,196613.0
1745452288.24,37.87391325655167,-122.25741860119527,48.0,4.0,8.0,10.0,16.951777343750003,54.76318003529539,1003.3127775210892,83.064622096047,196724.0
1745452290.22,37.87391325655167,-122.25741860119527,58.0,4.0,8.0,10.0,16.947871093750003,54.71607469713052,1003.3135153562374,83.05842992245431,197618.0
1745452292.25,37.87390677807636,-122.25745783763465,46.0,4.0,8.0,11.0,16.87404296875,54.66317088061607,1003.2811633505985,83.32994386588916,197562.0
1745452294.25,37.87390680737056,-122.25745789631183,46.5,4.0,8.0,11.0,16.84650390625,54.68450626047056,1003.2851387944754,83.29657958426735,196780.0
1745452296.25,37.873908961023105,-122.25746298816031,49.5,4.0,8.0,11.0,16.85197265625,54.72869173138969,1003.2736914347701,83.39265293813662,195123.5
1745452298.21,37.87391205878333,-122.2574692275717,49.5,4.0,8.0,11.0,16.85685546875,54.856733210517284,1003.2645803790413,83.46911911897867,196006.0
1745452300.25,37.87386480898723,-122.25734726283505,49.5,4.0,8.0,10.5,16.8534375,54.99624177840463,1003.2703701282408,83.42052748764515,194905.5
1745452302.2,37.87386413679338,-122.25734647567953,49.5,4.0,8.0,10.5,16.8534375,54.99624177840463,1003.2703701282408,83.42052748764515,194905.5
1745452304.27,37.87386503861347,-122.25734758865535,47.0,4.0,8.0,10.0,16.863984375,55.1283030855289,1003.2694731572547,83.42805549403681,195563.0
1745452306.2,37.873781853643756,-122.25722364956981,47.0,4.0,8.0,10.0,16.87384765625,55.213647554297445,1003.2598209921414,83.50906341136236,196116.0
1745452308.28,37.873781725756714,-122.25722219257145,40.5,4.0,8.0,9.5,16.88830078125,55.29027438295605,1003.2413840354209,83.66380134368069,195510.5
1745452310.23,37.87378059717542,-122.25722034250259,39.5,4.0,8.0,9.5,16.90373046875,55.32030542732867,1003.2238110858825,83.81128983267519,196891.5
1745452312.26,37.87378059717542,-122.25722034250259,43.5,4.0,8.0,10.0,16.9161328125,55.296969319635494,1003.2135501901096,83.89740980356446,196953.0
1745452314.22,37.87378059717542,-122.25722034250259,39.5,4.0,8.0,10.0,16.9247265625,55.2482204264042,1003.211758237152,83.91244978660382,198184.5
1745452316.23,37.87373173559422,-122.25723943183264,39.5,4.0,8.0,9.0,16.93419921875,55.20271040126322,1003.2131812926148,83.90050598972459,197284.5
1745452318.25,37.87373125359371,-122.25723947532225,42.0,4.0,8.0,9.0,16.96232421875,55.18763618851628,1003.2093749659884,83.93245280623015,197059.0
1745452320.26,37.873728203114986,-122.25723975310767,55.5,4.0,8.0,9.0,16.9958203125,55.16079605550853,1003.209904594126,83.92800756651874,197506.0
1745452322.23,37.87373077858494,-122.25720970341064,41.0,4.0,8.0,9.0,17.0223828125,55.13618269186914,1003.2109236960592,83.91945415312746,196835.5
1745452324.27,37.87367088645116,-122.25728770614008,42.5,4.0,7.5,9.0,17.04328125,55.11395670396122,1003.2171728940211,83.86700428036912,196557.0
1745452326.2,37.87366743239312,-122.25728971684201,42.5,4.0,7.5,9.0,17.053828125,55.121539286647874,1003.214585316718,83.88872193679023,196892.0
1745452328.26,37.87366358637572,-122.25729183303054,51.0,4.0,7.0,9.0,17.0032421875,55.10881423796485,1003.2111031826641,83.91794771122633,198240.5
1745452330.22,37.873582888696085,-122.25734014948357,35.5,4.0,7.0,9.0,16.981171875,55.099753280677824,1003.2179286876911,83.86066089727268,199032.0
1745452332.27,37.87357642003189,-122.25734398154903,38.5,4.0,7.0,8.0,16.969453125,55.06400759043061,1003.2184654053142,83.85615619342519,199147.0
1745452334.24,37.87356827512498,-122.2573488549285,31.0,4.0,7.0,8.0,16.923359375,55.042534586156435,1003.2085296797845,83.93954736123625,199146.0
1745452336.23,37.8735875664387,-122.25725804399555,31.0,4.0,6.5,8.0,16.8659375,55.09119608014332,1003.198120166088,84.0269157556481,199892.0
1745452338.23,37.873588445974065,-122.25725423951855,35.5,4.0,6.5,8.0,16.80470703125,55.133154252032,1003.2062443374696,83.95872847727038,199947.5
1745452340.25,37.87358987804758,-122.25724752101891,40.0,4.0,6.0,8.0,16.75763671875,55.192503542207376,1003.2113711730674,83.91569846113059,199208.0
1745452342.22,37.87346872818084,-122.25728123585178,39.0,4.0,6.0,8.0,16.71720703125,55.268297500544705,1003.216330796185,83.87407208688714,199375.0
1745452344.26,37.873465814209695,-122.25727720871274,39.0,4.0,6.0,9.0,16.67375,55.328146536742,1003.2126338074991,83.90510107023755,199660.5
1745452346.22,37.87346139726253,-122.25727139203477,34.0,4.0,6.0,9.0,16.6466015625,55.42439949497268,1003.2097115924155,83.92962745731867,198931.5
1745452348.27,37.87341553880153,-122.2573146197555,33.0,4.0,6.0,9.0,16.6551953125,55.54712771641522,1003.2062509704933,83.95867281185858,198408.0
1745452350.2,37.87341163598208,-122.25731273888604,35.0,4.0,6.0,9.0,16.6551953125,55.54712771641522,1003.2062509704933,83.95867281185858,198408.0
1745452352.26,37.873405517350776,-122.25730894198819,35.5,4.0,6.0,9.0,16.62775390625,55.64968448106097,1003.2019743375483,83.99456710589638,200062.5
1745452354.2,37.87339472517445,-122.25729110444209,35.5,4.0,6.0,9.0,16.5676953125,55.710619206675716,1003.1902476600925,84.09299154172965,198918.0
1745452356.25,37.873390681137636,-122.25728984668655,36.5,4.0,7.0,9.0,16.537714843750003,55.7723257129815,1003.1781675310538,84.19438293216275,199893.0
1745452358.23,37.87338522192802,-122.25728620705911,30.0,4.0,7.0,9.0,16.5430859375,55.829240664208385,1003.1783163105529,84.1931341543476,200182.0
1745452360.27,37.873445977125904,-122.25688723598562,35.0,4.0,7.0,9.0,16.565546875000003,55.84151175487399,1003.1730595735958,84.23725570733546,201277.5
1745452362.25,37.87344583187264,-122.25688673649029,33.5,4.0,7.0,9.0,16.59494140625,55.851556512144256,1003.1513648361813,84.41934854875171,198690.5
1745452364.2,37.873442557725745,-122.25687547739224,33.5,4.0,7.0,9.0,16.6239453125,55.811564223637006,1003.128142319673,84.6142681563268,200871.0
1745452366.25,37.87343627490774,-122.25712795567962,32.5,4.0,7.0,9.0,16.64708984375,55.81767747342384,1003.0980370985361,84.86696385403951,200871.0
1745452368.23,37.87343363447799,-122.25713420587816,34.0,4.0,7.0,9.0,16.6669140625,55.785876250323355,1003.0604476635602,85.18248832465103,199775.5
1745452370.27,37.87343292679507,-122.25713277691182,31.5,4.0,7.0,9.0,16.68546875,55.76016199056613,1003.0365930606872,85.38272807060656,200987.5
1745452372.2,37.87341812679313,-122.25701723933645,31.5,4.0,7.0,9.0,16.6798046875,55.706344297559724,1003.0283788514482,85.45168044841776,202216.5
1745452374.28,37.87341772451139,-122.25701375580228,35.0,4.0,7.0,8.5,16.65666015625,55.66277365159237,1003.0139838705426,85.57251720018655,199890.0
1745452376.25,37.87341690630313,-122.25700738247076,34.5,4.0,7.0,8.5,16.65275390625,55.631057680668505,1003.0054810129479,85.64389398190691,201805.0
1745452378.25,37.87347060396654,-122.25699280677483,32.5,4.0,7.0,8.0,16.655390625,55.58770917185935,1002.9924517331632,85.75326845223748,201463.5
1745452380.22,37.87347068947852,-122.25698955486571,34.5,4.0,7.0,8.0,16.648359375,55.558723256196814,1002.9776507150175,85.877517305554,201511.0
1745452382.24,37.873471955554734,-122.25698279604846,34.5,3.0,7.0,9.0,16.64044921875,55.560824728949314,1002.9604748366773,86.02170387846282,201512.0
1745452384.23,37.87344091344343,-122.25697438940034,31.5,3.0,7.0,9.0,16.6524609375,55.640385287849845,1002.9512246766019,86.09935717868515,200178.0
1745452386.27,37.87344086415595,-122.25697437699246,33.5,3.0,7.0,8.5,16.676484375,55.72777358975855,1002.9436386625257,86.16304077751248,200352.0
1745452388.24,37.873439566654916,-122.25697405035179,33.5,3.0,7.0,8.5,16.69611328125,55.79589582268093,1002.9300540078511,86.27708309578979,201047.0
1745452390.28,37.87351725374257,-122.25697705893566,38.5,3.0,7.0,8.0,16.704707031250003,55.85324514622981,1002.9349858383248,86.23568051270996,200235.0
1745452392.21,37.873517299204785,-122.25697705057333,38.5,3.0,7.0,8.0,16.6942578125,55.98943637948247,1002.9427696675888,86.17033586929978,199432.5
1745452394.23,37.873518968308154,-122.25697674358713,44.5,3.0,8.0,9.0,16.6942578125,55.98943637948247,1002.9427696675888,86.17033586929978,199432.5
1745452396.3,37.87355671168403,-122.25710203880523,32.5,3.0,8.0,9.0,16.67365234375,56.1337917451436,1002.968924518043,85.95077102849103,199546.0
1745452398.26,37.873556760812946,-122.25710544347912,32.0,3.5,7.5,9.0,16.67853515625,56.23772063212172,1002.9976083424763,85.70998113191983,199432.0
1745452400.23,37.87355948547929,-122.25710931689564,36.5,3.5,7.5,9.0,16.70216796875,56.234530284452205,1003.0212521001199,85.51150507160581,201103.5
1745452402.25,37.873390764820506,-122.2572291721322,36.5,4.0,7.0,9.0,16.742304687500003,56.14583316658124,1003.0502064365485,85.2684548354345,202568.0
1745452404.22,37.87338804500601,-122.25723452000217,40.0,4.0,7.0,9.0,16.7766796875,56.02826801802438,1003.0850520568358,84.97595870158918,203695.5
1745452406.27,37.87338539473224,-122.25724134070387,37.5,3.0,7.0,8.0,16.81515625,55.89879609465372,1003.1144607855197,84.72910684152887,203045.0
1745452408.22,37.87324495872601,-122.25724192318367,44.5,3.0,7.0,8.0,16.85373046875,55.78503660010399,1003.1305966998295,84.59366696963947,203159.5
1745452410.28,37.8731756892405,-122.25714336595321,41.5,3.0,7.0,8.0,16.8909375,55.68677648217364,1003.1485404466039,84.4430549128748,203456.5
1745452412.2,37.8731756892405,-122.25714336595321,41.5,3.0,7.0,8.0,16.92423828125,55.59430131967681,1003.1596578592715,84.3497413674348,201692.5
1745452414.26,37.87321193162924,-122.25726713441325,37.0,3.0,7.0,8.0,16.9485546875,55.52254029899106,1003.1660019246797,84.29649319496315,202804.5
1745452416.25,37.87321252778781,-122.25727054470643,41.0,3.0,7.0,8.0,16.9833203125,55.51454753460727,1003.1805112317184,84.1747115893389,204233.0
1745452418.26,37.87321309690584,-122.25727677349613,32.5,3.0,6.0,7.0,17.010859375000003,55.458828171714245,1003.2050822391828,83.96848215084009,203518.5
1745452420.2,37.87319215255484,-122.25738781517902,32.5,3.0,6.0,7.0,17.0391796875,55.390749504031504,1003.2377388094401,83.69439583137648,204295.0
1745452422.25,37.87319095977725,-122.25740507153398,37.5,3.0,6.0,6.5,17.0641796875,55.291096137667765,1003.2729988363863,83.39846655131672,203996.0
1745452424.25,37.87318919283667,-122.25743446715757,34.0,3.0,6.0,6.5,17.09513671875,55.19225601783899,1003.3245454389692,82.96586156700164,204599.0
1745452426.25,37.87318919283667,-122.25743446715757,33.5,3.0,6.0,6.0,17.12990234375,55.09395401420021,1003.3382039376647,82.85123582316626,205138.5
1745452428.24,37.87318919283667,-122.25743446715757,44.0,3.0,6.0,6.0,17.16203125,55.01091823960634,1003.3472536611323,82.77528885855033,204834.5
1745452430.23,37.87316059211405,-122.25753060939932,44.0,3.0,6.0,7.0,17.19396484375,54.95900413157996,1003.3483943196294,82.76571628608298,204053.0
1745452432.27,37.87315769250684,-122.25753349157668,35.0,3.0,6.0,7.0,17.2204296875,54.91262235135524,1003.3483853670627,82.76579143319813,204777.0
1745452434.26,37.87315547125378,-122.25754052135069,27.5,3.0,6.0,6.5,17.2305859375,54.823730575157526,1003.372005921859,82.56756622670241,205500.5
1745452436.22,37.873301515042634,-122.25742049672074,36.5,3.0,6.0,6.5,17.235859375,54.759118153491045,1003.4022290125521,82.31393754415411,206292.5
1745452438.25,37.873305382510765,-122.25742117070318,40.5,3.0,6.0,6.0,17.21330078125,54.67232433524533,1003.4452013090149,81.95332979617055,207834.5
1745452440.21,37.87331025044327,-122.25742209183527,40.5,3.0,6.0,6.0,17.181171875,54.62783238812944,1003.4790175156961,81.66956504112272,207215.5
1745452442.24,37.87317917280253,-122.25757964058648,42.0,3.0,5.0,6.0,17.181171875,54.62783238812944,1003.4790175156961,81.66956504112272,207215.5
1745452444.23,37.873177666461444,-122.25758554231999,38.0,3.0,5.0,6.0,17.16173828125,54.58808172043837,1003.5139902571477,81.37610355314777,207282.0
1745452446.25,37.8731781068924,-122.25758955776608,41.0,3.0,5.0,6.0,17.1430859375,54.52671091842216,1003.5427601360589,81.13469756538393,207214.5
1745452448.24,37.8731504236542,-122.25766872490729,36.0,3.0,5.0,6.0,17.11046875,54.46978952505751,1003.5673005031992,80.92878541491217,208456.5
1745452450.23,37.8731499722723,-122.25767257048119,36.0,3.0,5.0,6.0,17.076875,54.43758430265384,1003.599371525065,80.65969187291452,207771.5
1745452452.22,37.87314951858188,-122.25767672982779,54.0,3.0,5.0,6.0,17.0352734375,54.45710820523342,1003.6241658823965,80.45165788796292,207527.0
1745452454.27,37.8731327601069,-122.25768620952304,38.5,3.0,5.0,6.0,16.99845703125,54.477243863644034,1003.6556296332765,80.1876721857154,206846.5
1745452456.22,37.87313298101166,-122.2576862540127,37.0,3.0,5.0,6.0,16.9567578125,54.524689511771854,1003.6802319054631,79.98125879281072,207586.0
1745452458.24,37.87313236414978,-122.25768807621033,37.0,3.0,5.0,5.5,16.8356640625,54.571350562708034,1003.6946080273676,79.86064538642256,207653.0
1745452460.24,37.87314709584283,-122.2579204336258,41.0,3.0,5.0,5.5,16.70001953125,54.68758964362178,1003.7170785599444,79.67212357509659,206848.5
1745452462.25,37.873147165305014,-122.25792730109156,41.0,3.0,5.0,5.0,16.5985546875,54.82999337592603,1003.751346651259,79.38463051113101,207592.0
1745452464.23,37.87314880767965,-122.25795596148474,38.5,3.0,5.0,5.0,16.48615234375,54.95243213420365,1003.7941401192113,79.0256241091972,207338.0
1745452466.25,37.87313505441883,-122.25796293135767,40.0,3.0,5.0,5.0,16.35333984375,55.097227477038246,1003.8246787444133,78.7694348542145,208020.0
1745452468.22,37.87313499423457,-122.2579629656358,40.0,3.0,5.0,5.0,16.241328125,55.27278956497257,1003.8453478965062,78.5960441517646,208519.0
1745452470.26,37.873133023239745,-122.25796408816436,42.0,3.0,5.5,5.5,16.2036328125,55.4829317624552,1003.8767744124335,78.33241734309964,207338.0
1745452472.23,37.87315189460742,-122.25805690182831,42.5,3.0,5.5,5.5,16.2192578125,55.690775023670724,1003.899905687592,78.13838074372924,207214.5
1745452474.22,37.87315090350158,-122.25806015665529,41.5,3.0,5.5,5.5,16.24103515625,55.852786410601325,1003.8943524796863,78.1849633679256,207214.5
1745452476.25,37.87315054591594,-122.25806643698263,41.5,3.0,6.0,6.0,16.25734375,55.95485969396766,1003.8825899452427,78.28363337384056,207523.5
1745452478.25,37.87310304607454,-122.25797234921885,37.0,3.0,6.0,6.0,16.2661328125,56.04038820530794,1003.8694253307808,78.39406567612829,207771.5
1745452480.26,37.87310164648103,-122.25797511531529,40.0,3.0,6.0,7.0,16.26251953125,56.077443419197095,1003.8589099476478,78.4822756265174,208206.5
1745452482.25,37.87310025624147,-122.25797687853122,40.0,3.0,6.0,7.0,16.2532421875,56.126285181389306,1003.8460426739734,78.59021577621638,208269.0
1745452484.25,37.87316301367418,-122.25810817550884,43.5,3.0,6.5,7.0,16.242109375,56.16238532830824,1003.8358053170377,78.67609512908774,208207.0
1745452486.2,37.87316455840573,-122.25811146382934,43.5,3.0,6.5,7.0,16.23478515625,56.20524123070877,1003.8204789448057,78.80466651606311,208456.5
1745452488.23,37.873167421447846,-122.25811745585732,47.5,3.0,7.0,7.0,16.23478515625,56.20524123070877,1003.8204789448057,78.80466651606311,208456.5
1745452490.22,37.8733113397175,-122.25815200703968,43.5,3.0,7.0,7.0,16.22501953125,56.235271886316724,1003.8109539101154,78.88457189230817,208895.0
1745452492.26,37.87332271612293,-122.25816554313106,55.0,3.0,6.0,7.0,16.22296875,56.25065532788591,1003.8082067241158,78.90761805333895,208332.5
1745452494.22,37.87333954705408,-122.25818291903504,51.0,3.0,6.0,7.0,16.224726562500003,56.27279290870342,1003.8045669853121,78.9381520137429,208394.0
1745452496.25,37.87338693604887,-122.25825978330049,51.0,3.0,6.0,7.0,16.228144531250003,56.31080244151829,1003.837399681006,78.66272077489756,207585.0
1745452498.22,37.87339002074865,-122.25826441252843,46.5,3.0,6.0,7.0,16.23078125,56.36437552159181,1003.8722233075796,78.3705946515797,207958.0
1745452500.25,37.87339395295827,-122.25827076627978,42.0,3.0,6.0,7.0,16.23029296875,56.36431266700137,1003.9007425661807,78.13136063677649,207895.5
1745452502.22,37.87337852300834,-122.25832059710844,41.5,3.0,6.0,7.0,16.2315625,56.43338844617507,1003.9239438274219,77.93674076326654,207399.5
1745452504.24,37.87338160499532,-122.25832926479139,41.5,3.0,7.0,8.0,16.235078125,56.493379530614035,1003.9426812317936,77.77956790298435,206722.5
1745452506.24,37.87338597766032,-122.25834192149705,46.5,3.0,7.0,8.0,16.24416015625,56.547842882517344,1003.9627620209586,77.61112901394097,207029.5
1745452508.25,37.873425609600794,-122.25839158455176,33.5,2.5,6.5,7.5,16.25119140625,56.59578504599516,1003.9725420249558,77.52909471403535,207462.0
1745452510.26,37.873428001374435,-122.25839309585206,38.5,2.5,6.5,7.5,16.262421875,56.641150563067015,1003.9762380921095,77.49809244185482,206538.5
1745452512.26,37.87343137074083,-122.25839720104803,40.0,2.0,6.0,7.0,16.27765625,56.7152864991928,1003.9793828580366,77.47171450496045,205987.0
1745452514.22,37.873439854409085,-122.2584261258941,40.0,2.0,6.0,7.0,16.29083984375,56.76407586767699,1003.9730648024597,77.52470973055274,206170.5
1745452516.25,37.87344029657659,-122.25842731091288,36.0,2.0,6.0,7.0,16.30265625,56.80956199725455,1003.961836587509,77.61889149861648,206599.0
1745452518.23,37.87344091121045,-122.25842938768437,45.5,2.0,6.0,7.0,16.31818359375,56.85240385549956,1003.9579367342369,77.65160349824518,206721.5
1745452520.27,37.873484147591626,-122.2585072516204,36.5,2.5,6.0,7.0,16.33283203125,56.888861364585686,1003.9533379030062,77.69017868052674,207837.5
1745452522.22,37.87348679473181,-122.25851067003579,48.0,2.5,6.0,7.0,16.3409375,56.927613409036255,1003.9574406573092,77.65576460335308,206292.0
1745452524.29,37.87348996867649,-122.2585174033743,48.0,3.0,6.0,7.0,16.35236328125,56.97309312191131,1003.969868070149,77.55152366897924,205259.0
1745452526.22,37.873467654383404,-122.25849571291126,42.5,3.0,6.0,7.0,16.3692578125,57.02872977031002,1003.9591220508801,77.64166104050805,205076.0
1745452528.25,37.87347081967552,-122.25849531946082,52.5,3.0,6.0,6.0,16.385078125,57.08738724054807,1003.9506928249588,77.7123657860736,207648.5
1745452530.23,37.873473109139006,-122.2585008406291,38.5,3.0,6.0,6.0,16.39923828125,57.11125400436164,1003.9376800702911,77.82151834961022,204655.5
1745452532.26,37.87357921029269,-122.25844271030536,38.5,3.0,6.0,6.0,16.41134765625,57.16316456374955,1003.9235981120709,77.93964064951689,204654.0
1745452534.25,37.87358002503705,-122.25844286257492,51.5,3.0,6.0,6.0,16.425312499999997,57.20903909268986,1003.9110805322116,78.04464181814913,206417.5
1745452536.22,37.873584941882655,-122.25844642934139,48.5,3.0,6.0,6.0,16.425312499999997,57.20903909268986,1003.9110805322116,78.04464181814913,206417.5
1745452538.23,37.87353860129944,-122.25843191822935,41.5,3.0,6.0,6.0,16.43712890625,57.21059046825106,1003.9023604028345,78.1177894921388,205318.0
1745452540.27,37.873541643887414,-122.25843161823964,38.5,3.0,5.0,5.0,16.450703124999997,57.21551945370892,1003.8899967594368,78.22150119057471,205804.0
1745452542.2,37.87354484838858,-122.25843437022368,38.5,3.0,5.0,5.0,16.46828125,57.17063453362826,1003.8863117920257,78.2524124931553,207399.5
1745452544.26,37.87347520376238,-122.25860808398743,49.0,3.0,4.5,4.5,16.47892578125,57.08397003943416,1003.868822942891,78.3991191189818,208895.0
1745452546.22,37.87347649964597,-122.258610866761,37.0,3.0,4.5,4.5,16.47453125,56.99536805450421,1003.8426690180314,78.61851674736073,208769.0
1745452548.25,37.87347774264583,-122.25861617597553,43.5,3.0,4.0,4.0,16.4813671875,56.91142054483073,1003.8277552304521,78.74362623147533,208332.5
1745452550.23,37.873465592569694,-122.25863961094335,43.5,3.0,4.0,4.0,16.5003125,56.83537265493828,1003.8063061400567,78.92356242107016,208957.5
1745452552.25,37.873466661321764,-122.25864244310523,40.0,3.0,5.0,5.0,16.52580078125,56.77904453212864,1003.787897079207,79.0779977996099,209464.0
1745452554.24,37.87346749356993,-122.25864703955905,42.0,3.0,5.0,5.0,16.54630859375,56.696972653005176,1003.7742112741934,79.1928112308423,210043.0
1745452556.26,37.87352849847022,-122.25866748222428,40.0,3.0,5.0,5.0,16.55705078125,56.63875531350489,1003.7526872212878,79.37338357924193,210858.0
1745452558.23,37.87353027160918,-122.25866794906423,32.0,3.0,5.0,5.0,16.5735546875,56.55935334157526,1003.7437530388362,79.44833650088708,209727.5
1745452560.24,37.87353320718256,-122.25866892740841,32.0,3.0,5.0,5.0,16.5887890625,56.54565851655613,1003.7208422352095,79.64054781439646,210540.5
1745452562.23,37.87376919963223,-122.25867767052074,33.0,3.0,5.0,5.0,16.6008984375,56.54410142440996,1003.6958257116548,79.85042915901332,208270.0
1745452564.29,37.87377661966232,-122.25867772249104,35.5,3.0,5.0,5.0,16.61779296875,56.61531119899685,1003.6783319710156,79.99719914761401,208583.0
1745452566.23,37.873788187381045,-122.2586790450266,42.5,3.0,5.0,5.0,16.6380078125,56.65559931973704,1003.6574022182003,80.17279948196112,209588.0
1745452568.28,37.87392042894561,-122.25857739042031,36.5,3.5,5.5,5.5,16.6532421875,56.65131349906183,1003.6437204178835,80.2875911197616,208269.0
1745452570.21,37.87392559866261,-122.25857608253544,36.5,3.5,5.5,5.5,16.66330078125,56.677732703792834,1003.626869428458,80.42897442161615,208521.0
1745452572.25,37.87393370513938,-122.25857476926045,37.5,4.0,6.0,6.0,16.677265624999997,56.70466703345305,1003.6235630490673,80.45671580190029,208332.0
1745452574.24,37.87387830501777,-122.25859936126217,35.5,4.0,6.0,6.0,16.6950390625,56.71640853492971,1003.6084355619716,80.5836406184977,208274.0
1745452576.26,37.873874791028484,-122.25860095425752,31.5,4.0,6.0,7.0,16.7096875,56.674381490173516,1003.5937235725605,80.70708063603254,210160.0
1745452578.21,37.87386756439646,-122.25860416535383,31.5,4.0,6.0,7.0,16.72296875,56.59767159382879,1003.5808199782455,80.81534856503774,210285.5
1745452580.22,37.87398049036505,-122.25871082978668,44.5,4.0,6.0,7.0,16.74015625,56.55286312514997,1003.5705420466977,80.90158666989916,210602.5
1745452582.22,37.87397884592492,-122.25871175695474,47.5,3.5,5.5,7.0,16.74015625,56.55286312514997,1003.5705420466977,80.90158666989916,210602.5
1745452584.22,37.87398326559616,-122.258718531363,46.0,3.5,5.5,7.0,16.75880859375,56.5396165339958,1003.5519030845894,81.05798075734447,209213.0
1745452586.26,37.874010864951074,-122.25871767017246,41.5,3.0,5.0,7.0,16.77921875,56.53287287993227,1003.5430528402467,81.1322413634281,209778.5
1745452588.21,37.87407419705036,-122.25865832181742,41.5,3.0,5.0,7.0,16.80119140625,56.48556629244638,1003.5352503828385,81.19771082676053,211566.0
1745452590.25,37.87408001360256,-122.25865587160898,38.5,4.0,6.0,9.0,16.83224609375,56.42691661395959,1003.5231545052914,81.29920630249882,211114.5
1745452592.23,37.874088146139414,-122.25865115569687,46.5,4.0,6.0,9.0,16.86291015625,56.35882960650379,1003.5145710409427,81.37123008078512,211499.5
1745452594.25,37.874046375398095,-122.2586956719987,45.0,3.5,6.0,9.0,16.88078125,56.23898048033519,1003.5063130534259,81.44052331027541,211692.0
1745452596.2,37.87404828610472,-122.25869570313903,45.0,3.5,6.0,9.0,16.8950390625,56.12499554530272,1003.4942603822951,81.54165867888793,213381.5
1745452598.25,37.87405080845031,-122.2586951841856,36.5,3.0,6.0,9.0,16.899433593749997,56.00040746804084,1003.4842962653494,81.6252695037054,214103.0
1745452600.22,37.87407375016076,-122.25870745597796,37.0,3.0,6.0,9.0,16.89884765625,55.90964321354718,1003.4740314800888,81.71140403984704,213643.0
1745452602.26,37.8740755355638,-122.25870842764022,40.5,4.0,6.0,11.0,16.89875,55.82523537275169,1003.4562187949832,81.86087670892256,213709.5
1745452604.24,37.87407872421271,-122.25871013517077,40.0,4.0,6.0,11.0,16.89806640625,55.83139717320253,1003.4441032091336,81.96254411181681,213120.5
1745452606.26,37.874173554829426,-122.25874322954469,40.0,4.0,6.0,11.0,16.8841015625,55.91398376043913,1003.4339869374755,82.0474352244436,212598.5
1745452608.22,37.87417883925744,-122.2587457281093,44.0,4.0,6.0,11.0,16.836640625,55.979746080389866,1003.4199503197231,82.16522504977311,212998.0
1745452610.26,37.874185856150774,-122.25874866377627,46.5,4.0,6.0,11.0,16.78419921875,55.99483630853777,1003.4198837882691,82.16578341191428,213971.5
1745452612.23,37.87418010858843,-122.25877391073503,43.5,4.0,6.0,11.0,16.724140625,56.008942416194195,1003.4123739191031,82.22880383560931,214896.5
1745452614.26,37.87418555128255,-122.25877674152973,40.0,3.0,6.0,11.0,16.68009765625,56.0438935785068,1003.4193990857268,82.16985080604374,213906.0
1745452616.24,37.87418918099338,-122.25877930018392,40.0,3.0,6.0,11.0,16.63986328125,56.104373179559616,1003.4053575170008,82.28768365589542,215563.5
1745452618.25,37.874399292310066,-122.25879967334886,42.0,3.0,6.0,11.0,16.57794921875,56.14953849377836,1003.3962497453753,82.36411424262168,215563.5
1745452620.23,37.87440836442132,-122.25880196732278,40.0,3.0,6.0,11.0,16.560859375,56.253748849497086,1003.3932541019805,82.38925313488348,213446.5
1745452622.27,37.87441931347656,-122.25880419443163,42.0,3.0,6.0,11.0,16.56662109375,56.348450796992125,1003.3982850634525,82.34703417187944,213318.5
1745452624.2,37.87427226895333,-122.25876022350471,42.0,3.0,6.0,11.0,16.53224609375,56.394106419578236,1003.3936279521096,82.3861158428573,214570.5
1745452626.29,37.87427446212192,-122.2587603431583,41.0,3.0,6.0,12.0,16.53830078125,56.398026992307756,1003.3916148605183,82.40300943729969,214038.0
1745452628.23,37.87427680607851,-122.2587605614128,36.5,3.0,6.0,12.0,16.54005859375,56.37632435267595,1003.3854509589364,82.45473610928462,213642.5
1745452630.23,37.87448821989303,-122.25880913937287,34.5,3.0,6.0,11.5,16.54005859375,56.37632435267595,1003.3854509589364,82.45473610928462,213642.5
1745452632.23,37.874496549174104,-122.25881089882921,33.5,3.0,6.0,11.5,16.52990234375,56.343676837714234,1003.3912111528313,82.40639727225536,215032.0
1745452634.23,37.87450357550806,-122.258812364975,33.5,3.0,6.0,11.0,16.506171875,56.31553743976536,1003.3950773784906,82.37395251173899,214698.0
1745452636.22,37.87447140554317,-122.25884597888337,43.5,3.0,6.0,11.0,16.49328125,56.310731986819476,1003.3994151614459,82.33755062028482,216233.5
1745452638.25,37.87447376290353,-122.25884617648747,40.0,3.0,6.0,11.0,16.49572265625,56.32670825994316,1003.4045215409055,82.29469898086074,216300.5
1745452640.25,37.87447548321237,-122.25884825549203,32.5,3.0,6.0,11.0,16.51798828125,56.354658663837,1003.4090116014326,82.25701949218217,216233.0
1745452642.28,37.874492838322716,-122.25881842100537,35.0,3.0,6.0,11.0,16.53791015625,56.34158530335146,1003.4068850852234,82.2748646808115,216443.0
1745452644.2,37.87449389966924,-122.25881664851549,35.0,3.0,6.0,11.0,16.55392578125,56.34053383113999,1003.4071661596067,82.27250596681716,216907.5
1745452646.25,37.87449556395927,-122.25881379175847,32.5,3.0,6.0,11.0,16.577167968749997,56.3122320541089,1003.4167164308774,82.19236286306023,215897.0
1745452648.22,37.87449556395927,-122.25881379175847,33.5,3.0,6.0,11.0,16.5985546875,56.27743068979139,1003.4356180299294,82.03374772763442,216301.5
1745452650.27,37.87449556395927,-122.25881379175847,39.0,3.0,6.0,10.0,16.6102734375,56.21007052393599,1003.4199894963868,82.16489641966666,217518.0
1745452652.21,37.87471869785516,-122.25881541547342,39.0,3.0,6.0,10.0,16.613300781249997,56.14473584515785,1003.3908512906378,82.40941733661316,217793.0
1745452654.25,37.87473089531214,-122.25881602275095,32.5,3.0,6.0,10.5,16.59884765625,56.0709028752774,1003.367274384387,82.60727321088137,217726.5
1745452656.23,37.87474732897196,-122.25881617892097,36.0,3.0,6.0,10.5,16.58634765625,55.991097720981855,1003.3403932730887,82.83286279719013,217452.0
1745452658.27,37.87471583585845,-122.25878135442133,40.0,3.0,6.0,11.0,16.573847656250003,55.94571113632863,1003.301757113566,83.15711009144539,215496.5
1745452660.28,37.874722814239725,-122.25878117406687,38.0,3.0,6.0,11.0,16.56564453125,55.97591237922182,1003.2773472689477,83.36197086698343,215363.5
1745452662.27,37.874735159855916,-122.25877989505764,38.0,3.0,6.0,7.0,16.56916015625,56.07331417506161,1003.2624988420574,83.48658899313827,214237.0
1745452664.23,37.87461658375256,-122.25881866013803,39.0,3.0,6.0,7.0,16.576875,56.255831821609576,1003.2373545316707,83.6976205433319,215229.5
1745452666.26,37.874621263032665,-122.2588194319872,44.0,3.0,6.0,8.0,16.5774609375,56.42192632943457,1003.2106692814102,83.92158966256592,214304.5
1745452668.24,37.87462708607712,-122.25881978477967,50.5,3.0,6.0,8.0,16.573359375000003,56.50915651069146,1003.1506042653613,84.42573320035892,213512.0
1745452670.25,37.87475417976042,-122.25885712100009,50.5,3.0,6.0,9.0,16.571015625,56.59979559074155,1003.1053662099507,84.80544440435682,214502.5
1745452672.23,37.87475846268552,-122.25885802133749,49.5,3.0,6.0,9.0,16.57375,56.653484437080515,1003.0597638171507,85.1882288124234,215096.0
1745452674.26,37.87476553945275,-122.25885909826754,51.0,3.0,6.0,9.0,16.57736328125,56.72299834506558,1003.0081395346006,85.62157749798786,213905.5
1745452676.21,37.87503364660347,-122.25891216097726,39.5,3.0,6.0,9.0,16.57736328125,56.72299834506558,1003.0081395346006,85.62157749798786,213905.5
1745452678.26,37.875033464030366,-122.2589121095197,34.5,3.0,6.0,8.0,16.581562499999997,56.8617089396627,1002.9449432802938,86.15208940028934,214169.5
1745452680.23,37.87504262716358,-122.25891370772526,34.5,3.0,6.0,8.0,16.5844921875,57.00034987785604,1002.8761701280222,86.72944838367155,214103.5
1745452682.26,37.87498732167109,-122.2589132692176,28.0,3.0,6.0,7.0,16.588984375,57.05438471884159,1002.7958511707623,87.40377553584239,214169.0
1745452684.26,37.87498470959941,-122.25891314131971,26.5,3.0,6.0,7.0,16.59181640625,57.11450804722146,1002.7445393636747,87.8345921705893,213512.0
1745452686.28,37.87497977511691,-122.25891309444087,24.0,3.0,6.0,7.0,16.607734375,57.10716312985353,1002.7269960318677,87.98189098838321,216098.5
1745452688.24,37.87491332057517,-122.25891847905723,24.0,3.0,6.0,7.0,16.6219921875,57.01470194614606,1002.7233457506545,88.0125401054901,216839.5
1745452690.27,37.874908481811886,-122.25891843744141,27.5,3.0,6.0,8.0,16.635078125,56.90327423038855,1002.7294040564184,87.96167241683324,217248.0
1745452692.23,37.87489915889168,-122.25891866298043,33.0,3.0,6.0,8.0,16.64708984375,56.79804703194536,1002.7209898185556,88.03232143663317,217518.0
1745452694.31,37.87486543445265,-122.25882487455965,29.0,3.0,6.0,9.0,16.65626953125,56.701922837019794,1002.7160266441374,88.0739943157559,217586.0
1745452696.25,37.87485741541942,-122.25882344499855,28.5,3.0,6.0,9.0,16.6628125,56.589818008725715,1002.7064585244602,88.15433270769776,218750.5
1745452698.23,37.8748471290146,-122.25882011577141,28.5,3.0,6.0,9.0,16.66154296875,56.48929918945224,1002.7017220620371,88.19410249302777,216569.5
1745452700.27,37.87495457487507,-122.25881636870349,26.0,4.0,7.0,7.0,16.6298046875,56.42560367361471,1002.7042397667542,88.1729625211999,217997.5
1745452702.24,37.87495049840405,-122.25881519985245,33.5,4.0,7.0,7.0,16.61017578125,56.37604334854163,1002.7001910446627,88.20695773224183,219025.0
1745452704.28,37.874945549480266,-122.25881232783266,32.0,4.0,6.5,7.0,16.613789062499997,56.404714910904445,1002.6964246976097,88.2385820782288,216508.0
1745452706.27,37.87494833271502,-122.25881226112229,31.5,4.0,6.5,7.0,16.60353515625,56.42218273167174,1002.6927926703702,88.26907867818741,217382.0
1745452708.29,37.8749500358729,-122.25881501645716,31.5,4.0,6.0,7.0,16.59572265625,56.399230581273464,1002.6808287766015,88.36953511985237,218548.0
1745452710.24,37.87494859476229,-122.25881355522085,38.5,4.0,6.0,7.0,16.59279296875,56.345586523491995,1002.6647968682926,88.5041508017058,219508.5
1745452712.3,37.87496245196867,-122.25876247174104,34.5,4.0,7.0,7.0,16.590546875,56.32963181209179,1002.6390431641969,88.72040112262607,217043.0
1745452714.24,37.87496012111923,-122.25876009065217,37.0,4.0,7.0,7.0,16.59162109375,56.36736520586,1002.610691035849,88.95847559963423,217179.0
1745452716.25,37.87495946104758,-122.2587436045624,37.0,4.0,6.5,7.0,16.59953125,56.453003592016415,1002.5858789018871,89.16682873878486,216708.5
1745452718.25,37.874959488187024,-122.2587435767184,39.0,4.0,6.5,7.0,16.6065625,56.59816463155547,1002.5536534499308,89.4374394944114,214765.0
1745452720.27,37.874959961160584,-122.25874309146583,43.5,4.0,6.0,7.0,16.61359375,56.7528475578339,1002.5289843378216,89.64460130145827,216166.0
1745452722.28,37.87503347153582,-122.25870613542128,33.5,4.0,6.0,7.0,16.614765625,56.79695625214478,1002.5033206377414,89.86011965778457,216704.0
1745452724.23,37.87503344028198,-122.25870598996268,33.5,3.0,6.0,7.0,16.614765625,56.79695625214478,1002.5033206377414,89.86011965778457,216704.0
1745452726.22,37.875033434240855,-122.25870596184663,33.5,3.0,6.0,7.0,16.61642578125,56.78775381853124,1002.4801887532872,90.0543802362678,217044.5
1745452728.27,37.875033434240855,-122.25870596184663,33.5,3.5,6.0,7.0,16.618281250000003,56.73776245636703,1002.4557184080882,90.25988516255902,219163.0
1745452730.26,37.875033434240855,-122.25870596184663,37.5,3.5,6.0,7.0,16.57833984375,56.69174013029891,1002.4321645201801,90.45769706157876,219163.5
1745452732.3,37.875033434240855,-122.25870596184663,48.0,4.0,6.0,7.0,16.5458203125,56.69376949754619,1002.4207258670358,90.5537633857549,218545.0
1745452734.25,37.875033434240855,-122.25870596184663,44.0,4.0,6.0,7.0,16.52609375,56.68805616194489,1002.4139896573587,90.61033717335556,219309.5
1745452736.24,37.875033434240855,-122.25870596184663,44.0,3.0,6.0,7.0,16.527265625,56.697623569145385,1002.4034421586948,90.69892055053744,218680.0
1745452738.22,37.875033434240855,-122.25870596184663,39.0,3.0,6.0,7.0,16.5409375,56.70254682677906,1002.3912107594276,90.80164706821365,218751.0
1745452740.26,37.875033434240855,-122.25870596184663,44.0,3.5,6.0,6.5,16.56056640625,56.68000416200149,1002.3557938244003,91.09910601082915,218611.5
1745452742.23,37.87520512981695,-122.25856997256746,40.5,3.5,6.0,6.5,16.57423828125,56.66296132296667,1002.2856241796459,91.68846913240677,219855.0
1745452744.24,37.87520512981695,-122.25856997256746,40.5,4.0,6.0,6.0,16.5923046875,56.68414850130537,1002.2273202187336,92.17819602835996,217931.0
1745452746.24,37.87520512981695,-122.25856997256746,42.5,4.0,6.0,6.0,16.60685546875,56.70174134069218,1002.1855464653926,92.52909036799296,218957.5
1745452748.3,37.87524738197358,-122.25851179935522,39.0,3.0,6.0,6.0,16.61759765625,56.737673560876125,1002.1606334052401,92.73836310335295,217791.5
1745452750.26,37.875246232967044,-122.25851348224855,46.0,3.0,6.0,6.0,16.63615234375,56.76207520496665,1002.1375990709569,92.93185771820585,218069.0
1745452752.27,37.87528683737118,-122.25851718008249,53.0,3.0,5.5,5.5,16.647578125000003,56.72903723740533,1002.1281511955747,93.01122349439859,217722.0
1745452754.24,37.87528781679231,-122.25851954578451,53.0,3.0,5.5,5.5,16.657246093749997,56.63615071698423,1002.1206728451114,93.07404498809791,217043.0
1745452756.32,37.875288916533606,-122.25852220210886,48.5,3.0,5.0,5.0,16.668964843749997,56.5372996183221,1002.1150935786525,93.12091356146902,219926.0
1745452758.25,37.87529015254494,-122.25852518758101,48.0,3.0,5.0,5.0,16.67794921875,56.453817424035144,1002.1122991837053,93.14438794951826,221465.5
1745452760.26,37.87529015254494,-122.25852518758101,43.5,3.0,5.0,5.0,16.6852734375,56.345087628086894,1002.1007285452267,93.24158800762243,221465.5
1745452762.24,37.87529015254494,-122.25852518758101,47.5,3.0,5.0,5.0,16.6895703125,56.2642070904828,1002.0788354361357,93.42550497797727,220977.0
